/*
Navicat MySQL Data Transfer

Source Server         : 本地-所有项目
Source Server Version : 50505
Source Host           : localhost:3306
Source Database       : gupiao

Target Server Type    : MYSQL
Target Server Version : 50505
File Encoding         : 65001

Date: 2019-03-04 17:31:13
*/

SET FOREIGN_KEY_CHECKS=0;

-- ----------------------------
-- Table structure for `price`
-- ----------------------------
DROP TABLE IF EXISTS `price`;
CREATE TABLE `price` (
  `id` int(11) NOT NULL AUTO_INCREMENT,
  `stock_id` int(11) NOT NULL,
  `price` decimal(10,2) NOT NULL DEFAULT '0.00',
  `record_date` date NOT NULL,
  `created_at` datetime NOT NULL,
  `updated_at` datetime NOT NULL,
  PRIMARY KEY (`id`),
  KEY `stock_id` (`stock_id`) USING BTREE
) ENGINE=InnoDB AUTO_INCREMENT=15 DEFAULT CHARSET=utf8mb4;

-- ----------------------------
-- Records of price
-- ----------------------------
INSERT INTO `price` VALUES ('1', '1', '10.74', '2019-03-04', '2019-03-04 09:27:49', '2019-03-04 09:27:49');
INSERT INTO `price` VALUES ('2', '2', '16.91', '2019-03-04', '2019-03-04 09:27:50', '2019-03-04 09:27:50');
INSERT INTO `price` VALUES ('3', '3', '3356.79', '2019-03-04', '2019-03-04 09:27:51', '2019-03-04 09:27:51');
INSERT INTO `price` VALUES ('4', '4', '22.45', '2019-03-04', '2019-03-04 09:27:51', '2019-03-04 09:27:51');
INSERT INTO `price` VALUES ('5', '5', '4.28', '2019-03-04', '2019-03-04 09:27:52', '2019-03-04 09:27:52');
INSERT INTO `price` VALUES ('6', '6', '12.76', '2019-03-04', '2019-03-04 09:27:53', '2019-03-04 09:27:53');
INSERT INTO `price` VALUES ('7', '7', '34.69', '2019-03-04', '2019-03-04 09:27:54', '2019-03-04 09:27:54');
INSERT INTO `price` VALUES ('8', '8', '2.69', '2019-03-04', '2019-03-04 09:27:54', '2019-03-04 09:27:54');
INSERT INTO `price` VALUES ('9', '9', '17.17', '2019-03-04', '2019-03-04 09:27:55', '2019-03-04 09:27:55');
INSERT INTO `price` VALUES ('10', '10', '35.83', '2019-03-04', '2019-03-04 09:27:56', '2019-03-04 09:27:56');
INSERT INTO `price` VALUES ('11', '11', '45.73', '2019-03-04', '2019-03-04 09:27:56', '2019-03-04 09:27:56');
INSERT INTO `price` VALUES ('12', '12', '48.57', '2019-03-04', '2019-03-04 09:27:57', '2019-03-04 09:27:57');
INSERT INTO `price` VALUES ('13', '13', '28.54', '2019-03-04', '2019-03-04 09:27:58', '2019-03-04 09:27:58');
INSERT INTO `price` VALUES ('14', '14', '6.55', '2019-03-04', '2019-03-04 09:27:58', '2019-03-04 09:27:58');

-- ----------------------------
-- Table structure for `rating`
-- ----------------------------
DROP TABLE IF EXISTS `rating`;
CREATE TABLE `rating` (
  `id` int(11) NOT NULL AUTO_INCREMENT,
  `stock_id` int(11) NOT NULL,
  `organization` varchar(30) DEFAULT '',
  `rating_date` varchar(10) DEFAULT NULL,
  `rating` varchar(20) DEFAULT NULL,
  `last_rating` varchar(20) DEFAULT NULL,
  `created_at` datetime NOT NULL,
  `updated_at` datetime NOT NULL,
  PRIMARY KEY (`id`),
  KEY `stock_id` (`stock_id`) USING BTREE
) ENGINE=InnoDB AUTO_INCREMENT=255 DEFAULT CHARSET=utf8mb4;

-- ----------------------------
-- Records of rating
-- ----------------------------
INSERT INTO `rating` VALUES ('208', '1', '天风证券', '2019-02-28', '增持', '增持', '2019-03-04 17:21:40', '2019-03-04 17:21:40');
INSERT INTO `rating` VALUES ('209', '1', '中泰证券', '2019-02-17', '买入', '买入', '2019-03-04 17:21:40', '2019-03-04 17:21:40');
INSERT INTO `rating` VALUES ('210', '1', '海通证券', '2019-02-08', '中性', '', '2019-03-04 17:21:40', '2019-03-04 17:21:40');
INSERT INTO `rating` VALUES ('211', '2', '东北证券', '2019-02-28', '买入', '买入', '2019-03-04 17:21:41', '2019-03-04 17:21:41');
INSERT INTO `rating` VALUES ('212', '2', '东吴证券', '2019-02-27', '买入', '', '2019-03-04 17:21:41', '2019-03-04 17:21:41');
INSERT INTO `rating` VALUES ('213', '2', '天风证券', '2019-02-20', '买入', '', '2019-03-04 17:21:41', '2019-03-04 17:21:41');
INSERT INTO `rating` VALUES ('214', '2', '光大证券', '2019-02-17', '买入', '', '2019-03-04 17:21:41', '2019-03-04 17:21:41');
INSERT INTO `rating` VALUES ('215', '2', '财富证券', '2019-02-15', '增持', '', '2019-03-04 17:21:41', '2019-03-04 17:21:41');
INSERT INTO `rating` VALUES ('216', '4', '光大证券', '2019-01-22', '增持', '', '2019-03-04 17:21:42', '2019-03-04 17:21:42');
INSERT INTO `rating` VALUES ('217', '5', '中金公司', '2019-02-26', '增持', '增持', '2019-03-04 17:21:43', '2019-03-04 17:21:43');
INSERT INTO `rating` VALUES ('218', '5', '申万宏源', '2019-02-13', '买入', '', '2019-03-04 17:21:43', '2019-03-04 17:21:43');
INSERT INTO `rating` VALUES ('219', '5', '光大证券', '2019-02-01', '买入', '买入', '2019-03-04 17:21:43', '2019-03-04 17:21:43');
INSERT INTO `rating` VALUES ('220', '5', '国信证券', '2019-01-31', '增持', '', '2019-03-04 17:21:43', '2019-03-04 17:21:43');
INSERT INTO `rating` VALUES ('221', '5', '太平洋', '2019-01-31', '增持', '', '2019-03-04 17:21:43', '2019-03-04 17:21:43');
INSERT INTO `rating` VALUES ('222', '6', '天风证券', '2019-02-18', '买入', '买入', '2019-03-04 17:21:44', '2019-03-04 17:21:44');
INSERT INTO `rating` VALUES ('223', '6', '华泰证券', '2019-01-23', '买入', '买入', '2019-03-04 17:21:44', '2019-03-04 17:21:44');
INSERT INTO `rating` VALUES ('224', '6', '万联证券', '2019-01-04', '增持', '', '2019-03-04 17:21:44', '2019-03-04 17:21:44');
INSERT INTO `rating` VALUES ('225', '6', '中信建投证券', '2019-01-04', '买入', '买入', '2019-03-04 17:21:44', '2019-03-04 17:21:44');
INSERT INTO `rating` VALUES ('226', '7', '平安证券', '2019-02-28', '增持', '', '2019-03-04 17:21:45', '2019-03-04 17:21:45');
INSERT INTO `rating` VALUES ('227', '7', '海通证券', '2019-02-21', '增持', '', '2019-03-04 17:21:45', '2019-03-04 17:21:45');
INSERT INTO `rating` VALUES ('228', '7', '申万宏源', '2019-02-19', '买入', '买入', '2019-03-04 17:21:45', '2019-03-04 17:21:45');
INSERT INTO `rating` VALUES ('229', '7', '兴业证券', '2019-02-19', '增持', '增持', '2019-03-04 17:21:45', '2019-03-04 17:21:45');
INSERT INTO `rating` VALUES ('230', '7', '华泰证券', '2019-02-18', '买入', '买入', '2019-03-04 17:21:45', '2019-03-04 17:21:45');
INSERT INTO `rating` VALUES ('231', '9', '财富证券', '2019-01-29', '增持', '', '2019-03-04 17:21:47', '2019-03-04 17:21:47');
INSERT INTO `rating` VALUES ('232', '9', '长江证券', '2019-01-28', '买入', '买入', '2019-03-04 17:21:47', '2019-03-04 17:21:47');
INSERT INTO `rating` VALUES ('233', '9', '广证恒生', '2019-01-13', '买入', '', '2019-03-04 17:21:47', '2019-03-04 17:21:47');
INSERT INTO `rating` VALUES ('234', '10', '东吴证券', '2019-02-27', '买入', '', '2019-03-04 17:21:47', '2019-03-04 17:21:47');
INSERT INTO `rating` VALUES ('235', '10', '华创证券', '2019-02-27', '买入', '买入', '2019-03-04 17:21:47', '2019-03-04 17:21:47');
INSERT INTO `rating` VALUES ('236', '10', '天风证券', '2019-02-27', '买入', '买入', '2019-03-04 17:21:47', '2019-03-04 17:21:47');
INSERT INTO `rating` VALUES ('237', '10', '上海证券', '2019-02-27', '买入', '', '2019-03-04 17:21:47', '2019-03-04 17:21:47');
INSERT INTO `rating` VALUES ('238', '10', '安信证券', '2019-02-26', '买入', '买入', '2019-03-04 17:21:47', '2019-03-04 17:21:47');
INSERT INTO `rating` VALUES ('239', '11', '财富证券', '2019-02-15', '增持', '增持', '2019-03-04 17:21:48', '2019-03-04 17:21:48');
INSERT INTO `rating` VALUES ('240', '11', '广发证券', '2019-01-27', '买入', '买入', '2019-03-04 17:21:48', '2019-03-04 17:21:48');
INSERT INTO `rating` VALUES ('241', '11', '华创证券', '2019-01-20', '买入', '买入', '2019-03-04 17:21:48', '2019-03-04 17:21:48');
INSERT INTO `rating` VALUES ('242', '11', '东方财富证券', '2019-01-18', '增持', '', '2019-03-04 17:21:48', '2019-03-04 17:21:48');
INSERT INTO `rating` VALUES ('243', '12', '光大证券', '2019-02-26', '买入', '', '2019-03-04 17:21:49', '2019-03-04 17:21:49');
INSERT INTO `rating` VALUES ('244', '12', '东北证券', '2019-02-22', '买入', '增持', '2019-03-04 17:21:49', '2019-03-04 17:21:49');
INSERT INTO `rating` VALUES ('245', '12', '华泰证券', '2019-02-21', '买入', '买入', '2019-03-04 17:21:49', '2019-03-04 17:21:49');
INSERT INTO `rating` VALUES ('246', '12', '财富证券', '2019-02-15', '增持', '增持', '2019-03-04 17:21:49', '2019-03-04 17:21:49');
INSERT INTO `rating` VALUES ('247', '12', '东方财富证券', '2019-01-17', '增持', '', '2019-03-04 17:21:49', '2019-03-04 17:21:49');
INSERT INTO `rating` VALUES ('248', '13', '长江证券', '2019-02-20', '买入', '买入', '2019-03-04 17:21:50', '2019-03-04 17:21:50');
INSERT INTO `rating` VALUES ('249', '13', '申万宏源', '2019-02-19', '增持', '', '2019-03-04 17:21:50', '2019-03-04 17:21:50');
INSERT INTO `rating` VALUES ('250', '13', '中信建投证券', '2019-02-13', '买入', '买入', '2019-03-04 17:21:50', '2019-03-04 17:21:50');
INSERT INTO `rating` VALUES ('251', '13', '华创证券', '2019-02-11', '买入', '买入', '2019-03-04 17:21:50', '2019-03-04 17:21:50');
INSERT INTO `rating` VALUES ('252', '13', '东北证券', '2019-02-10', '买入', '', '2019-03-04 17:21:50', '2019-03-04 17:21:50');
INSERT INTO `rating` VALUES ('253', '14', '东吴证券', '2019-02-28', '买入', '买入', '2019-03-04 17:21:51', '2019-03-04 17:21:51');
INSERT INTO `rating` VALUES ('254', '14', '渤海证券', '2018-12-24', '增持', '买入', '2019-03-04 17:21:51', '2019-03-04 17:21:51');

-- ----------------------------
-- Table structure for `stocks`
-- ----------------------------
DROP TABLE IF EXISTS `stocks`;
CREATE TABLE `stocks` (
  `id` int(11) NOT NULL AUTO_INCREMENT,
  `code` varchar(30) NOT NULL,
  `name` varchar(50) NOT NULL,
  `collect_is_name` tinyint(1) NOT NULL DEFAULT '0',
  `price` decimal(10,2) NOT NULL,
  `avg` varchar(10) DEFAULT NULL,
  `current_rate` varchar(20) DEFAULT NULL,
  `shot_target` varchar(200) DEFAULT NULL,
  `middle_target` varchar(200) DEFAULT NULL,
  `long_target` varchar(200) DEFAULT NULL,
  `is_del` tinyint(1) DEFAULT '0',
  `created_at` datetime NOT NULL,
  `updated_at` datetime DEFAULT NULL,
  PRIMARY KEY (`id`),
  KEY `code` (`code`) USING BTREE
) ENGINE=InnoDB AUTO_INCREMENT=16 DEFAULT CHARSET=utf8mb4;

-- ----------------------------
-- Records of stocks
-- ----------------------------
INSERT INTO `stocks` VALUES ('1', '300017', '网宿科技', '0', '11.81', '65分', '增持', '股价的强势特征已经确立，短线可能回调。', '有加速上涨趋势。', '迄今为止，共15家主力机构，持仓量总计3056.88万股，占流通A股1.59%', '0', '2019-03-02 15:51:51', '2019-03-04 17:24:19');
INSERT INTO `stocks` VALUES ('2', '300188', '美亚柏科', '0', '16.83', '54分', '中性', '强势上涨过程中，可逢低买进，暂不考虑做空。', '上涨趋势有所减缓，可适量高抛低吸。', '迄今为止，共21家主力机构，持仓量总计1.21亿股，占流通A股24.68%', '0', '2019-03-02 15:51:51', '2019-03-04 17:24:19');
INSERT INTO `stocks` VALUES ('3', '000063', '中兴通讯', '0', '3356.79', '55分', '中性', '强势上涨过程中，可逢低买进，暂不考虑做空。', '上涨趋势有所减缓，可适量高抛低吸。', '迄今为止，共221家主力机构，持仓量总计1.85亿股，占流通A股5.39%', '0', '2019-03-02 15:51:51', '2019-03-04 09:27:51');
INSERT INTO `stocks` VALUES ('4', '600516', '方大碳素', '0', '22.71', '57分', '中性', '强势上涨过程中，可逢低买进，暂不考虑做空。', '上涨趋势有所减缓，可适量高抛低吸。', '迄今为止，共7家主力机构，持仓量总计227.99万股，占流通A股0.13%', '0', '2019-03-02 15:51:51', '2019-03-04 17:24:20');
INSERT INTO `stocks` VALUES ('5', '000725', '京东方A', '0', '4.32', '49分', '减持', '强势上涨过程中，可逢低买进，暂不考虑做空。', '上涨趋势有所减缓，可适量高抛低吸。', '迄今为止，共42家主力机构，持仓量总计1.89亿股，占流通A股0.56%', '0', '2019-03-02 15:51:51', '2019-03-04 17:24:21');
INSERT INTO `stocks` VALUES ('6', '000001', '平安银行', '1', '12.99', '67分', '增持', '股价的强势特征已经确立，短线可能回调。', '有加速上涨趋势。', '迄今为止，共124家主力机构，持仓量总计3.15亿股，占流通A股1.83%', '0', '2019-03-02 15:51:51', '2019-03-04 17:24:21');
INSERT INTO `stocks` VALUES ('7', '002415', '海康威视', '0', '35.95', '64分', '增持', '强势上涨过程中，可逢低买进，暂不考虑做空。', '上涨趋势有所减缓，可适量高抛低吸。', '迄今为止，共225家主力机构，持仓量总计4.27亿股，占流通A股5.40%', '0', '2019-03-02 15:51:51', '2019-03-04 17:24:22');
INSERT INTO `stocks` VALUES ('8', '300104', '乐视网', '0', '2.96', '51分', '中性', '股价的强势特征已经确立，短线可能回调。', '上涨趋势有所减缓，可适量高抛低吸。', '迄今为止，共1家主力机构，持仓量总计333.30万股，占流通A股0.11%', '0', '2019-03-02 15:51:51', '2019-03-04 17:24:22');
INSERT INTO `stocks` VALUES ('9', '600690', '青岛海尔', '0', '17.43', '71分', '买入', '股价的强势特征已经确立，短线可能回调。', '已发现中线买入信号。', '迄今为止，共65家主力机构，持仓量总计2.20亿股，占流通A股3.61%', '0', '2019-03-02 15:51:51', '2019-03-04 17:24:23');
INSERT INTO `stocks` VALUES ('10', '002230', '科大讯飞', '0', '36.87', '58分', '中性', '强势上涨过程中，可逢低买进，暂不考虑做空。', '上涨趋势有所减缓，可适量高抛低吸。', '迄今为止，共69家主力机构，持仓量总计4944.72万股，占流通A股2.72%', '0', '2019-03-02 15:51:51', '2019-03-04 17:24:24');
INSERT INTO `stocks` VALUES ('11', '000651', '格力电器', '0', '46.65', '68分', '增持', '强势上涨过程中，可逢低买进，暂不考虑做空。', '有加速上涨趋势。', '迄今为止，共431家主力机构，持仓量总计3.63亿股，占流通A股6.07%', '0', '2019-03-02 15:51:51', '2019-03-04 17:24:24');
INSERT INTO `stocks` VALUES ('12', '000333', '美的集团', '0', '48.96', '64分', '增持', '强势上涨过程中，可逢低买进，暂不考虑做空。', '有加速上涨趋势。', '迄今为止，共285家主力机构，持仓量总计3.04亿股，占流通A股4.67%', '0', '2019-03-02 15:51:51', '2019-03-04 17:24:25');
INSERT INTO `stocks` VALUES ('13', '000002', '万科A', '1', '29.70', '67分', '增持', '股价的强势特征已经确立，短线可能回调。', '有加速上涨趋势。', '迄今为止，共489家主力机构，持仓量总计5.30亿股，占流通A股5.45%', '0', '2019-03-02 15:51:51', '2019-03-04 17:24:27');
INSERT INTO `stocks` VALUES ('14', '600050', '中国联通', '0', '6.57', '59分', '中性', '强势上涨过程中，可逢低买进，暂不考虑做空。', '上涨趋势有所减缓，可适量高抛低吸。', '迄今为止，共35家主力机构，持仓量总计1.15亿股，占流通A股0.54%', '0', '2019-03-02 15:51:51', '2019-03-04 17:24:27');
